"seller","day_of_week","income"
Aaron Alexander,Monday,2734
Abigail Flores,Monday,23142138
Abigail Wood,Monday,23592205
Adriana Vance,Monday,4216000
Adrienne Jiménez,Monday,1819927
Alberto Ramos,Monday,65200538
Alexandra Alexander,Monday,6531074
Alexandria Peterson,Monday,11189776
Alexis Hall,Monday,7178420
Alexis Wilson,Monday,109728
Alicia Chapman,Monday,3359206
Alison Lal,Monday,336357
Allison Allen,Monday,563295
Alvin Zhao,Monday,4051212
Alvin Zheng,Monday,6226260
Amanda Bennett,Monday,18137040
Andrew Hill,Monday,7581
Angel Phillips,Monday,133857
Angelica Alexander,Monday,1750102
Ann Gonzalez,Monday,42875346
Annette Hill,Monday,692464
Arianna Bell,Monday,54816720
Arianna Richardson,Monday,929376
Audrey Diaz,Monday,1977458
Austin Jai,Monday,13613953
Austin Zhang,Monday,27311
Barbara Lin,Monday,75923371
Blake Long,Monday,87365
Brad Goel,Monday,60935347
Brad Nath,Monday,1180480
Brandon Harris,Monday,263020
Bridget Chande,Monday,833191
Caitlin Howard,Monday,150768
Caleb Campbell,Monday,1923432
Caleb Li,Monday,1206128
Caleb Patterson,Monday,228051505
Carla Gonzalez,Monday,232681
Carlos Howard,Monday,1375999
Caroline Butler,Monday,8504974
Cassandra Madan,Monday,1257156
Catherine Murphy,Monday,2437416
Catherine Sanders,Monday,665226
Cedric Ma,Monday,2264392
Charles Sanders,Monday,19576541
Charles Watson,Monday,21641
Christian Garcia,Monday,21001228
Christian Hughes,Monday,2182444
Christy Andersen,Monday,2224664
Clarence Zeng,Monday,152888
Clayton Zeng,Monday,3582591
Cody Reed,Monday,12521
Cole Cook,Monday,32716160
Colleen Nara,Monday,173518
Connor Edwards,Monday,196603
Cristina Xu,Monday,0
Dakota Russell,Monday,269817
Dale Holt,Monday,4211712
Danielle Cooper,Monday,337031
Danielle Sanders,Monday,4674787
Danny Vazquez,Monday,6445084
Dave Richards,Monday,197265
Deb Waldal,Monday,5735800
Dennis Wu,Monday,57404480
Devin Nelson,Monday,823410
Donald Martinez,Monday,326141
Donald Raman,Monday,23099906
Eddie Gomez,Monday,11129272
Eduardo Brown,Monday,506200
Eduardo Butler,Monday,7365840
Eduardo Walker,Monday,128016
Edwin Deng,Monday,100143143
Edwin Li,Monday,3834513
Erik Gutierrez,Monday,6902124
Ethan Clark,Monday,6886016
Ethan Lal,Monday,109195624
Ethan Perry,Monday,1731789
Ethan Sharma,Monday,616902
Evelyn Perez,Monday,337792
Fernando Jenkins,Monday,68295457
Gabriella Rivera,Monday,117923028
Gabrielle price,Monday,6933549
Garrett Murphy,Monday,1746504
Gerald Martinez,Monday,385564
Glenn Lu,Monday,50898237
Glenn Zeng,Monday,269817
Grant Andersen,Monday,3817413
Hailey Coleman,Monday,1029705
Hailey Lopez,Monday,3860736
Hailey Rivera,Monday,3654448
Hannah Jenkins,Monday,1746787
Harold Subram,Monday,136391965
Henry Prasad,Monday,6902893
Isabel Long,Monday,8318128
Isabel Powell,Monday,18318
Isabella Evans,Monday,886968
Isabella Mitchell,Monday,19844941
Isabelle Henderson,Monday,374650
Jack Hayes,Monday,3514560
Jack Richins,Monday,6486898
Jackson Foster,Monday,2449425
Jacob Martinez,Monday,0
James Evans,Monday,46253601
James Kumar,Monday,4661215
James Mitchell,Monday,3226995
Jane Greer,Monday,82554605
Jared Gray,Monday,0
Jarrod Rana,Monday,622076
Jay Carlson,Monday,249345
Jenny Liang,Monday,3573774
Jenny Zimmerman,Monday,31823906
Jermaine Kapoor,Monday,75499860
Jermaine Perez,Monday,1265748
Jessica Rodriguez,Monday,38992
Jill Gomez,Monday,217369512
Jodi Deng,Monday,10885124
Joe Gutierrez,Monday,816868
Johnny Kumar,Monday,2636625
Jonathan Butler,Monday,1073500
Jonathan Hernandez,Monday,138204
Jordyn Coleman,Monday,47573400
Joseph Cantoni,Monday,17444376
Joseph White,Monday,860540
José Lopez,Monday,548240
Julian Jenkins,Monday,155706
Julie Jai,Monday,5271840
Julie Luo,Monday,16063031
Jésus Munoz,Monday,40652466
Kaitlyn Allen,Monday,0
Kaitlyn Harris,Monday,1361565
Karen Huang,Monday,0
Kate Becker,Monday,149702
Kate Raje,Monday,3468586
Katherine Cook,Monday,212040
Kathleen Rubio,Monday,1864532
Katrina Sharma,Monday,150436125
Keith Lal,Monday,160056
Keith Pal,Monday,40557242
Krista Gill,Monday,0
Kristen Li,Monday,0
Kristopher Martinez,Monday,300492
Kyle Young,Monday,4565923
Larry Gomez,Monday,6674678
Latasha Suarez,Monday,3975858
Lauren Cooper,Monday,436896
Levi Gonzalez,Monday,0
Levi Prasad,Monday,551932
Lisa Chen,Monday,2426742
Louis Hu,Monday,3316299
Luke Simmons,Monday,4048800
Mackenzie Adams,Monday,4279207
Mackenzie Ramirez,Monday,623760
Madison Foster,Monday,9266
Marc Romero,Monday,46033653
Mario Rai,Monday,0
Marissa price,Monday,238929
Martin Patel,Monday,74214
Marvin Gomez,Monday,29851524
María Flores,Monday,5407828
Mason Cook,Monday,2089990
Mason Wright,Monday,25098
Mayra Sanchez,Monday,658070
Melanie Alexander,Monday,1742580
Melanie Russell,Monday,186164448
Melinda Jimenez,Monday,3707733
Michael John Troyer,Monday,514736
Micheal Vazquez,Monday,2831390
Michele Raji,Monday,466108
Miguel Gonzalez,Monday,9060761
Monique Torres,Monday,2349149
Morgan Hill,Monday,421481
Mya Coleman,Monday,0
Nancy Buchanan,Monday,7822395
Natalie Reed,Monday,78192
Natalie Williams,Monday,8360365
Nathaniel Howard,Monday,564874338
Nicolas Raje,Monday,262953
Noah Bryant,Monday,637145
Noah Jones,Monday,1051110
Olivia Bennett,Monday,0
Olivia Cox,Monday,4934085
Olivia Howard,Monday,411705
Pablo Rovira Diez,Monday,1007613
Patrick Sanders,Monday,2988748
Peter Black,Monday,550005
Philip Gutierrez,Monday,15311159
Preston Perez,Monday,16374000
Randall Ruiz,Monday,374800
Randy Zhang,Monday,1154107
Raymond Madan,Monday,6098976
Richard Brown,Monday,13470826
Richard Cooper,Monday,401870
Richard Martinez,Monday,0
Robin Ortega,Monday,675584
Rodney Sanz,Monday,4579484
Ryan Alexander,Monday,636860
Ryan Davis,Monday,16147908
Samuel Johnston,Monday,767924
Samuel Robinson,Monday,24473820
Samuel Sharma,Monday,0
Samuel Young,Monday,1796895
Sean Green,Monday,4992478
Seth Bennett,Monday,287168
Shaun Andersen,Monday,730975
Sheena Chande,Monday,1940166
Shelley Dyck,Monday,17946311
Spencer Bennett,Monday,490336
Stephanie Alexander,Monday,41415168
Steven Peterson,Monday,1462219
Steven Watson,Monday,2349288
Tabitha Gonzalez,Monday,4092084
Tabitha Rodriguez,Monday,11235833
Tara Xie,Monday,111996
Tasha Yuan,Monday,60419164
Thomas Li,Monday,5742819
Thomas Martinez,Monday,185149767
Timothy Sanders,Monday,548560
Tina Lopez,Monday,45083867
Trish Pederson,Monday,10233750
Trisha Sun,Monday,27411125
Tristan Butler,Monday,20894
Troy Chandra,Monday,3571659
Tyrone Ruiz,Monday,0
Victoria Powell,Monday,10100921
Victoria Williams,Monday,31886511
Virginia Rodriguez,Monday,5481348
Walter Jimenez,Monday,21736951
Warren Zhao,Monday,85719816
Whitney Sanchez,Monday,21459
Willie Gao,Monday,0
Xavier Smith,Monday,9983565
Aaron Alexander,Tuesday,3520
Abigail Flores,Tuesday,21825997
Abigail Wood,Tuesday,23592205
Adriana Vance,Tuesday,3710080
Adrienne Jiménez,Tuesday,5459781
Alberto Ramos,Tuesday,50196230
Alexandra Alexander,Tuesday,7982424
Alexandria Peterson,Tuesday,10329024
Alexis Hall,Tuesday,5976452
Alexis Wilson,Tuesday,100584
Alicia Chapman,Tuesday,2821733
Alison Lal,Tuesday,480511
Allison Allen,Tuesday,563295
Alvin Zhao,Tuesday,2946336
Alvin Zheng,Tuesday,7795480
Amanda Bennett,Tuesday,18640847
Andrew Hill,Tuesday,19375
Angel Phillips,Tuesday,294485
Angelica Alexander,Tuesday,1647155
Ann Gonzalez,Tuesday,41257408
Annette Hill,Tuesday,846345
Arianna Bell,Tuesday,54816720
Arianna Richardson,Tuesday,697032
Audrey Diaz,Tuesday,3213369
Austin Jai,Tuesday,20874728
Austin Zhang,Tuesday,35114
Barbara Lin,Tuesday,86660009
Blake Long,Tuesday,76444
Brad Goel,Tuesday,57712804
Brad Nath,Tuesday,1855040
Brandon Harris,Tuesday,361653
Bridget Chande,Tuesday,779088
Caitlin Howard,Tuesday,288972
Caleb Campbell,Tuesday,1914272
Caleb Li,Tuesday,877184
Caleb Patterson,Tuesday,199127900
Carla Gonzalez,Tuesday,232681
Carlos Howard,Tuesday,1496126
Caroline Butler,Tuesday,13229960
Cassandra Madan,Tuesday,1178583
Catherine Murphy,Tuesday,2550492
Catherine Sanders,Tuesday,388048
Cedric Ma,Tuesday,1415245
Charles Sanders,Tuesday,19343487
Charles Watson,Tuesday,21641
Christian Garcia,Tuesday,21310070
Christian Hughes,Tuesday,1091222
Christy Andersen,Tuesday,2426906
Clarence Zeng,Tuesday,174730
Clayton Zeng,Tuesday,2856706
Cole Cook,Tuesday,37269440
Connor Edwards,Tuesday,240292
Cristina Xu,Tuesday,0
Dakota Russell,Tuesday,228307
Dale Holt,Tuesday,5966592
Danielle Cooper,Tuesday,1348126
Danielle Sanders,Tuesday,4216046
Danny Vazquez,Tuesday,5859168
Dave Richards,Tuesday,147949
Deb Waldal,Tuesday,6410600
Dennis Wu,Tuesday,60040400
Devin Nelson,Tuesday,782239
Donald Martinez,Tuesday,150526
Donald Raman,Tuesday,20884846
Eddie Gomez,Tuesday,12719168
Eduardo Brown,Tuesday,404960
Eduardo Butler,Tuesday,7734132
Eduardo Walker,Tuesday,192024
Edwin Deng,Tuesday,108125567
Edwin Li,Tuesday,3067610
Erik Gutierrez,Tuesday,6518673
Ethan Clark,Tuesday,3443008
Ethan Lal,Tuesday,118295259
Ethan Perry,Tuesday,1781986
Ethan Sharma,Tuesday,732572
Evelyn Perez,Tuesday,337792
Fernando Jenkins,Tuesday,69335490
Gabriella Rivera,Tuesday,109315507
Gabrielle price,Tuesday,7626903
Garrett Murphy,Tuesday,2039112
Gerald Martinez,Tuesday,347007
Glenn Lu,Tuesday,55596535
Glenn Zeng,Tuesday,269817
Grant Andersen,Tuesday,3643894
Hailey Coleman,Tuesday,882604
Hailey Lopez,Tuesday,4913664
Hailey Rivera,Tuesday,4698576
Hannah Jenkins,Tuesday,1343682
Harold Subram,Tuesday,157927539
Henry Prasad,Tuesday,5817045
Isabel Long,Tuesday,8275904
Isabel Powell,Tuesday,100751
Isabella Evans,Tuesday,720661
Isabella Mitchell,Tuesday,17954946
Isabelle Henderson,Tuesday,163909
Jack Hayes,Tuesday,2343040
Jack Richins,Tuesday,6054438
Jackson Foster,Tuesday,1632950
Jacob Martinez,Tuesday,0
James Evans,Tuesday,51631927
James Kumar,Tuesday,4302660
James Mitchell,Tuesday,3226995
Jane Greer,Tuesday,83599600
Jared Gray,Tuesday,0
Jarrod Rana,Tuesday,622076
Jay Carlson,Tuesday,174542
Jenny Liang,Tuesday,3363552
Jenny Zimmerman,Tuesday,13259961
Jermaine Kapoor,Tuesday,73290108
Jermaine Perez,Tuesday,1265748
Jessica Rodriguez,Tuesday,58488
Jill Gomez,Tuesday,235762316
Jodi Deng,Tuesday,13787824
Joe Gutierrez,Tuesday,864919
Johnny Kumar,Tuesday,1757750
Jonathan Butler,Tuesday,1073500
Jonathan Hernandez,Tuesday,138204
Jordyn Coleman,Tuesday,45886400
Joseph Cantoni,Tuesday,19591377
Joseph White,Tuesday,658060
José Lopez,Tuesday,219296
Julian Jenkins,Tuesday,155706
Julie Jai,Tuesday,4686080
Julie Luo,Tuesday,15001598
Jésus Munoz,Tuesday,40263447
Kaitlyn Allen,Tuesday,0
Kaitlyn Harris,Tuesday,1750584
Karen Huang,Tuesday,0
Kate Becker,Tuesday,324355
Kate Raje,Tuesday,3189127
Katherine Cook,Tuesday,243846
Kathleen Rubio,Tuesday,3180673
Katrina Sharma,Tuesday,130992000
Keith Lal,Tuesday,176061
Keith Pal,Tuesday,39993947
Krista Gill,Tuesday,0
Kristen Li,Tuesday,0
Kristopher Martinez,Tuesday,267104
Kyle Young,Tuesday,5364336
Larry Gomez,Tuesday,10012017
Latasha Suarez,Tuesday,3919860
Lauren Cooper,Tuesday,305827
Levi Gonzalez,Tuesday,0
Levi Prasad,Tuesday,426493
Lisa Chen,Tuesday,4160129
Louis Hu,Tuesday,3042018
Luke Simmons,Tuesday,2361800
Mackenzie Adams,Tuesday,3112150
Mackenzie Ramirez,Tuesday,449107
Madison Foster,Tuesday,7581
Marc Romero,Tuesday,44789500
Mario Rai,Tuesday,0
Marissa price,Tuesday,398216
Martin Patel,Tuesday,127224
Marvin Gomez,Tuesday,29641302
María Flores,Tuesday,5140114
Mason Cook,Tuesday,5224975
Mason Wright,Tuesday,25098
Mayra Sanchez,Tuesday,987105
Melanie Alexander,Tuesday,2207268
Melanie Russell,Tuesday,200339406
Melinda Jimenez,Tuesday,3460551
Michael John Troyer,Tuesday,514736
Micheal Vazquez,Tuesday,4247086
Miguel Gonzalez,Tuesday,7325721
Monique Torres,Tuesday,4698298
Morgan Hill,Tuesday,351234
Mya Coleman,Tuesday,0
Nancy Buchanan,Tuesday,8933998
Natalie Williams,Tuesday,11704512
Nathaniel Howard,Tuesday,538354416
Nicolas Raje,Tuesday,256692
Noah Bryant,Tuesday,876075
Noah Jones,Tuesday,2102220
Olivia Bennett,Tuesday,0
Olivia Cox,Tuesday,5612848
Olivia Howard,Tuesday,370534
Pablo Rovira Diez,Tuesday,755710
Patrick Sanders,Tuesday,2407603
Peter Black,Tuesday,707150
Philip Gutierrez,Tuesday,15926683
Preston Perez,Tuesday,16374000
Randall Ruiz,Tuesday,481885
Randy Zhang,Tuesday,1615750
Raymond Madan,Tuesday,7193664
Richard Brown,Tuesday,11087100
Richard Cooper,Tuesday,386264
Richard Martinez,Tuesday,0
Robin Ortega,Tuesday,1055600
Rodney Sanz,Tuesday,6212169
Ryan Alexander,Tuesday,495335
Ryan Davis,Tuesday,16380252
Samuel Johnston,Tuesday,767924
Samuel Robinson,Tuesday,21136481
Samuel Sharma,Tuesday,0
Samuel Young,Tuesday,1650636
Sean Green,Tuesday,5042653
Seth Bennett,Tuesday,287168
Shaun Andersen,Tuesday,287168
Sheena Chande,Tuesday,2173410
Shelley Dyck,Tuesday,17946311
Spencer Bennett,Tuesday,441302
Stephanie Alexander,Tuesday,50540544
Steven Peterson,Tuesday,1364738
Steven Watson,Tuesday,2349288
Tabitha Gonzalez,Tuesday,4910500
Tabitha Rodriguez,Tuesday,9664387
Tara Xie,Tuesday,55998
Tasha Yuan,Tuesday,52254412
Thomas Li,Tuesday,7178524
Thomas Martinez,Tuesday,206024496
Timothy Sanders,Tuesday,274280
Tina Lopez,Tuesday,53039844
Trish Pederson,Tuesday,8187000
Trisha Sun,Tuesday,27008020
Tristan Butler,Tuesday,41788
Troy Chandra,Tuesday,2381106
Tyrone Ruiz,Tuesday,0
Victoria Powell,Tuesday,11424828
Victoria Williams,Tuesday,32875240
Virginia Rodriguez,Tuesday,5089823
Walter Jimenez,Tuesday,23409024
Warren Zhao,Tuesday,79767051
Whitney Sanchez,Tuesday,17557
Willie Gao,Tuesday,0
Xavier Smith,Tuesday,7260775
Aaron Alexander,Wednesday,2428
Abigail Flores,Wednesday,20838892
Abigail Wood,Wednesday,26962520
Adriana Vance,Wednesday,1855040
Adrienne Jiménez,Wednesday,1819927
Alberto Ramos,Wednesday,47468174
Alexandra Alexander,Wednesday,7982424
Alexandria Peterson,Wednesday,16354288
Alexis Hall,Wednesday,7445524
Alexis Wilson,Wednesday,73152
Alicia Chapman,Wednesday,1881155
Alison Lal,Wednesday,288306
Allison Allen,Wednesday,1126590
Alvin Zhao,Wednesday,4787796
Alvin Zheng,Wednesday,5618820
Amanda Bennett,Wednesday,16121813
Andrew Hill,Wednesday,19375
Angel Phillips,Wednesday,240942
Angelica Alexander,Wednesday,1544208
Ann Gonzalez,Wednesday,36605838
Annette Hill,Wednesday,384702
Arianna Bell,Wednesday,46202664
Arianna Richardson,Wednesday,929376
Audrey Diaz,Wednesday,1235911
Austin Jai,Wednesday,20874728
Austin Zhang,Wednesday,48770
Barbara Lin,Wednesday,67487441
Blake Long,Wednesday,109206
Brad Goel,Wednesday,62400139
Brad Nath,Wednesday,843200
Brandon Harris,Wednesday,263020
Bridget Chande,Wednesday,800729
Caitlin Howard,Wednesday,263844
Caleb Campbell,Wednesday,1795203
Caleb Li,Wednesday,932008
Caleb Patterson,Wednesday,208027471
Carlos Howard,Wednesday,1332316
Caroline Butler,Wednesday,6614980
Cassandra Madan,Wednesday,942867
Catherine Murphy,Wednesday,2349468
Catherine Sanders,Wednesday,332613
Cedric Ma,Wednesday,919909
Charles Sanders,Wednesday,13750190
Charles Watson,Wednesday,10820
Christian Garcia,Wednesday,21413017
Christian Hughes,Wednesday,2182444
Christy Andersen,Wednesday,1415695
Clarence Zeng,Wednesday,196571
Clayton Zeng,Wednesday,2997200
Cody Reed,Wednesday,6260
Cole Cook,Wednesday,29512000
Colleen Nara,Wednesday,57839
Connor Edwards,Wednesday,65534
Cristina Xu,Wednesday,0
Dakota Russell,Wednesday,415104
Dale Holt,Wednesday,6317568
Danielle Cooper,Wednesday,337031
Danielle Sanders,Wednesday,4347115
Danny Vazquez,Wednesday,7616918
Dave Richards,Wednesday,197265
Deb Waldal,Wednesday,2699200
Dennis Wu,Wednesday,56818720
Devin Nelson,Wednesday,864580
Donald Martinez,Wednesday,150526
Donald Raman,Wednesday,20884846
Eddie Gomez,Wednesday,9703848
Eduardo Brown,Wednesday,404960
Eduardo Butler,Wednesday,5892672
Eduardo Walker,Wednesday,164592
Edwin Deng,Wednesday,89983693
Edwin Li,Wednesday,3451062
Erik Gutierrez,Wednesday,5368319
Ethan Clark,Wednesday,6025264
Ethan Lal,Wednesday,136494530
Ethan Perry,Wednesday,1656494
Ethan Sharma,Wednesday,655459
Evelyn Perez,Wednesday,380016
Fernando Jenkins,Wednesday,69335490
Gabriella Rivera,Wednesday,110176259
Gabrielle price,Wednesday,5200161
Garrett Murphy,Wednesday,1728216
Gerald Martinez,Wednesday,269895
Glenn Lu,Wednesday,47374512
Glenn Zeng,Wednesday,166041
Grant Andersen,Wednesday,4048772
Hailey Coleman,Wednesday,686470
Hailey Lopez,Wednesday,2105856
Hailey Rivera,Wednesday,5481672
Hannah Jenkins,Wednesday,806209
Harold Subram,Wednesday,128495588
Henry Prasad,Wednesday,4576075
Isabel Long,Wednesday,10175984
Isabel Powell,Wednesday,54955
Isabella Evans,Wednesday,609790
Isabella Mitchell,Wednesday,17009949
Isabelle Henderson,Wednesday,140493
Jack Hayes,Wednesday,878640
Jack Richins,Wednesday,6775205
Jackson Foster,Wednesday,816475
Jacob Martinez,Wednesday,0
James Evans,Wednesday,46612156
James Kumar,Wednesday,6453990
James Mitchell,Wednesday,2151330
Jane Greer,Wednesday,65834685
Jared Gray,Wednesday,0
Jarrod Rana,Wednesday,1244152
Jay Carlson,Wednesday,224411
Jenny Liang,Wednesday,2943108
Jenny Zimmerman,Wednesday,15911953
Jermaine Kapoor,Wednesday,76236444
Jessica Rodriguez,Wednesday,19496
Jill Gomez,Wednesday,237434390
Jodi Deng,Wednesday,8708099
Joe Gutierrez,Wednesday,816868
Johnny Kumar,Wednesday,2929584
Jonathan Butler,Wednesday,268375
Jonathan Hernandez,Wednesday,100512
Jordyn Coleman,Wednesday,45886400
Joseph Cantoni,Wednesday,19054627
Joseph White,Wednesday,809920
José Lopez,Wednesday,603064
Julian Jenkins,Wednesday,119069
Julie Jai,Wednesday,5857600
Julie Luo,Wednesday,13869401
Jésus Munoz,Wednesday,38318353
Kaitlyn Allen,Wednesday,0
Kaitlyn Harris,Wednesday,1945094
Karen Huang,Wednesday,0
Kate Becker,Wednesday,149702
Kate Raje,Wednesday,3074055
Katherine Cook,Wednesday,222642
Kathleen Rubio,Wednesday,1206462
Katrina Sharma,Wednesday,118711500
Keith Lal,Wednesday,166795
Keith Pal,Wednesday,38304062
Krista Gill,Wednesday,0
Kristen Li,Wednesday,0
Kristopher Martinez,Wednesday,200328
Kyle Young,Wednesday,4615824
Larry Gomez,Wednesday,5562231
Latasha Suarez,Wednesday,3807864
Lauren Cooper,Wednesday,327672
Levi Gonzalez,Wednesday,0
Levi Prasad,Wednesday,501756
Lisa Chen,Wednesday,2773419
Louis Hu,Wednesday,3316299
Luke Simmons,Wednesday,2361800
Mackenzie Adams,Wednesday,4668225
Mackenzie Ramirez,Wednesday,399206
Madison Foster,Wednesday,5896
Marc Romero,Wednesday,40434966
Mario Rai,Wednesday,0
Marissa price,Wednesday,199108
Martin Patel,Wednesday,84816
Marvin Gomez,Wednesday,25226640
María Flores,Wednesday,5086571
Mason Wright,Wednesday,50196
Mayra Sanchez,Wednesday,987105
Melanie Alexander,Wednesday,1394064
Melanie Russell,Wednesday,182384459
Melinda Jimenez,Wednesday,3460551
Michael John Troyer,Wednesday,926524
Micheal Vazquez,Wednesday,2629148
Miguel Gonzalez,Wednesday,8096850
Monique Torres,Wednesday,3132199
Morgan Hill,Wednesday,491728
Mya Coleman,Wednesday,0
Nancy Buchanan,Wednesday,8357611
Natalie Reed,Wednesday,156384
Natalie Williams,Wednesday,15048658
Nathaniel Howard,Wednesday,490618557
Nicolas Raje,Wednesday,181563
Noah Bryant,Wednesday,438037
Noah Jones,Wednesday,1261332
Olivia Bennett,Wednesday,0
Olivia Cox,Wednesday,5247360
Olivia Howard,Wednesday,288193
Patrick Sanders,Wednesday,2656665
Peter Black,Wednesday,1021439
Philip Gutierrez,Wednesday,13464587
Preston Perez,Wednesday,8187000
Randall Ruiz,Wednesday,508657
Randy Zhang,Wednesday,1077167
Raymond Madan,Wednesday,4847904
Richard Brown,Wednesday,10255567
Richard Cooper,Wednesday,364805
Richard Martinez,Wednesday,0
Robin Ortega,Wednesday,844480
Rodney Sanz,Wednesday,4818413
Ryan Alexander,Wednesday,707622
Ryan Davis,Wednesday,13243608
Samuel Johnston,Wednesday,600984
Samuel Robinson,Wednesday,14461802
Samuel Sharma,Wednesday,0
Samuel Young,Wednesday,1358118
Sean Green,Wednesday,4490721
Seth Bennett,Wednesday,78318
Shaun Andersen,Wednesday,339381
Sheena Chande,Wednesday,1918962
Shelley Dyck,Wednesday,7178524
Spencer Bennett,Wednesday,343235
Stephanie Alexander,Wednesday,38958336
Steven Peterson,Wednesday,1481715
Steven Watson,Wednesday,1566192
Tabitha Gonzalez,Wednesday,4092084
Tabitha Rodriguez,Wednesday,7700081
Tara Xie,Wednesday,55998
Tasha Yuan,Wednesday,50621462
Thomas Li,Wednesday,9332081
Thomas Martinez,Wednesday,166090232
Timothy Sanders,Wednesday,274280
Tina Lopez,Wednesday,29171914
Trish Pederson,Wednesday,8187000
Trisha Sun,Wednesday,25261232
Tristan Butler,Wednesday,104470
Troy Chandra,Wednesday,8333871
Tyrone Ruiz,Wednesday,0
Victoria Powell,Wednesday,8237644
Victoria Williams,Wednesday,31392147
Virginia Rodriguez,Wednesday,6264398
Walter Jimenez,Wednesday,26753170
Warren Zhao,Wednesday,79767051
Whitney Sanchez,Wednesday,15606
Willie Gao,Wednesday,0
Xavier Smith,Wednesday,8168372
Aaron Alexander,Thursday,2798
Abigail Flores,Thursday,21387284
Abigail Wood,Thursday,26625488
Adriana Vance,Thursday,3541440
Adrienne Jiménez,Thursday,1819927
Alberto Ramos,Thursday,50741841
Alexandra Alexander,Thursday,6531074
Alexandria Peterson,Thursday,8607520
Alexis Hall,Thursday,6610824
Alexis Wilson,Thursday,64008
Alicia Chapman,Thursday,2418628
Alison Lal,Thursday,288306
Allison Allen,Thursday,1689885
Alvin Zhao,Thursday,2578044
Alvin Zheng,Thursday,6023780
Amanda Bennett,Thursday,16625620
Andrew Hill,Thursday,12636
Angel Phillips,Thursday,187400
Angelica Alexander,Thursday,1750102
Ann Gonzalez,Thursday,43684315
Annette Hill,Thursday,923286
Arianna Bell,Thursday,45680600
Arianna Richardson,Thursday,1277892
Audrey Diaz,Thursday,3213369
Austin Jai,Thursday,15429147
Austin Zhang,Thursday,35114
Barbara Lin,Thursday,72472308
Blake Long,Thursday,98285
Brad Goel,Thursday,57419846
Brad Nath,Thursday,1855040
Brandon Harris,Thursday,263020
Bridget Chande,Thursday,584316
Caitlin Howard,Thursday,351792
Caleb Campbell,Thursday,1703611
Caleb Li,Thursday,712712
Caleb Patterson,Thursday,216927042
Carla Gonzalez,Thursday,155121
Carlos Howard,Thursday,1452443
Caroline Butler,Thursday,6614980
Cassandra Madan,Thursday,1414300
Catherine Murphy,Thursday,2462544
Catherine Sanders,Thursday,332613
Cedric Ma,Thursday,707622
Charles Sanders,Thursday,11885757
Charles Watson,Thursday,10820
Christian Garcia,Thursday,18633443
Christian Hughes,Thursday,3000861
Christy Andersen,Thursday,1820179
Clarence Zeng,Thursday,141968
Clayton Zeng,Thursday,3067447
Cody Reed,Thursday,3130
Cole Cook,Thursday,31535680
Colleen Nara,Thursday,115679
Connor Edwards,Thursday,131068
Cristina Xu,Thursday,0
Dakota Russell,Thursday,394348
Dale Holt,Thursday,4562688
Danielle Cooper,Thursday,337031
Danielle Sanders,Thursday,4368960
Danny Vazquez,Thursday,5273251
Dave Richards,Thursday,180826
Deb Waldal,Thursday,5061000
Dennis Wu,Thursday,57697360
Devin Nelson,Thursday,494046
Donald Martinez,Thursday,326141
Donald Raman,Thursday,22467031
Eddie Gomez,Thursday,9594200
Eduardo Brown,Thursday,455580
Eduardo Butler,Thursday,5156088
Eduardo Walker,Thursday,155448
Edwin Deng,Thursday,79098569
Edwin Li,Thursday,2300708
Erik Gutierrez,Thursday,6135221
Ethan Clark,Thursday,10329024
Ethan Lal,Thursday,147414092
Ethan Perry,Thursday,2032970
Ethan Sharma,Thursday,694015
Evelyn Perez,Thursday,337792
Fernando Jenkins,Thursday,59975198
Gabriella Rivera,Thursday,109315507
Gabrielle price,Thursday,6933549
Garrett Murphy,Thursday,2066544
Gerald Martinez,Thursday,347007
Glenn Lu,Thursday,52072811
Glenn Zeng,Thursday,103776
Grant Andersen,Thursday,4222290
Hailey Coleman,Thursday,1078739
Hailey Lopez,Thursday,2105856
Hailey Rivera,Thursday,5220640
Hannah Jenkins,Thursday,1612419
Harold Subram,Thursday,137827670
Henry Prasad,Thursday,5429242
Isabel Long,Thursday,7642544
Isabel Powell,Thursday,91592
Isabella Evans,Thursday,997839
Isabella Mitchell,Thursday,19844941
Isabelle Henderson,Thursday,140493
Jack Hayes,Thursday,3514560
Jack Richins,Thursday,6150540
Jackson Foster,Thursday,1632950
Jacob Martinez,Thursday,0
James Evans,Thursday,40516720
James Kumar,Thursday,5019770
James Mitchell,Thursday,3944105
Jane Greer,Thursday,62699700
Jared Gray,Thursday,0
Jarrod Rana,Thursday,1866229
Jay Carlson,Thursday,224411
Jenny Liang,Thursday,5465772
Jenny Zimmerman,Thursday,26519922
Jermaine Kapoor,Thursday,66660852
Jermaine Perez,Thursday,316437
Jessica Rodriguez,Thursday,58488
Jill Gomez,Thursday,237434390
Jodi Deng,Thursday,13787824
Joe Gutierrez,Thursday,336357
Johnny Kumar,Thursday,4394376
Jonathan Butler,Thursday,268375
Jonathan Hernandez,Thursday,87948
Jordyn Coleman,Thursday,42849800
Joseph Cantoni,Thursday,22275127
Joseph White,Thursday,961780
José Lopez,Thursday,438592
Julian Jenkins,Thursday,146547
Julie Jai,Thursday,5857600
Julie Luo,Thursday,13091017
Jésus Munoz,Thursday,43764617
Kaitlyn Allen,Thursday,0
Kaitlyn Harris,Thursday,2334112
Karen Huang,Thursday,0
Kate Becker,Thursday,249504
Kate Raje,Thursday,3254882
Katherine Cook,Thursday,201438
Kathleen Rubio,Thursday,2303245
Katrina Sharma,Thursday,144295875
Keith Lal,Thursday,155844
Keith Pal,Thursday,34924291
Krista Gill,Thursday,0
Kristen Li,Thursday,0
Kristopher Martinez,Thursday,300492
Kyle Young,Thursday,5289484
Larry Gomez,Thursday,10012017
Latasha Suarez,Thursday,3695868
Lauren Cooper,Thursday,415051
Levi Gonzalez,Thursday,0
Levi Prasad,Thursday,200702
Lisa Chen,Thursday,3466774
Louis Hu,Thursday,3765121
Luke Simmons,Thursday,1687000
Mackenzie Adams,Thursday,2917641
Mackenzie Ramirez,Thursday,474057
Madison Foster,Thursday,5896
Marc Romero,Thursday,41679118
Mario Rai,Thursday,0
Marissa price,Thursday,318572
Martin Patel,Thursday,42408
Marvin Gomez,Thursday,21442644
María Flores,Thursday,5140114
Mason Cook,Thursday,3134985
Mason Wright,Thursday,25098
Mayra Sanchez,Thursday,987105
Melanie Alexander,Thursday,1510236
Melanie Russell,Thursday,203174398
Melinda Jimenez,Thursday,2966187
Michael John Troyer,Thursday,926524
Micheal Vazquez,Thursday,3842601
Michele Raji,Thursday,233054
Miguel Gonzalez,Thursday,7210052
Monique Torres,Thursday,3523724
Morgan Hill,Thursday,210740
Mya Coleman,Thursday,0
Nancy Buchanan,Thursday,8398782
Natalie Reed,Thursday,469152
Natalie Williams,Thursday,16720731
Nathaniel Howard,Thursday,533050432
Nicolas Raje,Thursday,175302
Noah Bryant,Thursday,676967
Noah Jones,Thursday,2522664
Olivia Bennett,Thursday,0
Olivia Cox,Thursday,5560635
Olivia Howard,Thursday,288193
Pablo Rovira Diez,Thursday,755710
Patrick Sanders,Thursday,2781196
Peter Black,Thursday,785722
Philip Gutierrez,Thursday,14464814
Preston Perez,Thursday,16374000
Randall Ruiz,Thursday,508657
Randy Zhang,Thursday,1538810
Raymond Madan,Thursday,5786208
Richard Brown,Thursday,9091422
Richard Cooper,Thursday,411625
Richard Martinez,Thursday,0
Robin Ortega,Thursday,717808
Rodney Sanz,Thursday,5336094
Ryan Alexander,Thursday,495335
Ryan Davis,Thursday,16147908
Samuel Johnston,Thursday,634372
Samuel Robinson,Thursday,18911588
Samuel Sharma,Thursday,0
Samuel Young,Thursday,1629742
Sean Green,Thursday,5143005
Seth Bennett,Thursday,261062
Shaun Andersen,Thursday,496019
Sheena Chande,Thursday,1961370
Shelley Dyck,Thursday,12921344
Spencer Bennett,Thursday,392268
Stephanie Alexander,Thursday,47732736
Steven Peterson,Thursday,1052798
Steven Watson,Thursday,1566192
Tabitha Gonzalez,Thursday,6547334
Tabitha Rodriguez,Thursday,11550122
Tara Xie,Thursday,167994
Tasha Yuan,Thursday,64501540
Thomas Li,Thursday,9332081
Thomas Martinez,Thursday,169720620
Timothy Sanders,Thursday,523626
Tina Lopez,Thursday,34475898
Trish Pederson,Thursday,13303875
Trisha Sun,Thursday,25126864
Tristan Butler,Thursday,62682
Tyrone Ruiz,Thursday,0
Victoria Powell,Thursday,9708652
Victoria Williams,Thursday,31392147
Virginia Rodriguez,Thursday,5481348
Walter Jimenez,Thursday,25081097
Warren Zhao,Thursday,84529263
Whitney Sanchez,Thursday,9754
Willie Gao,Thursday,0
Xavier Smith,Thursday,7260775
Aaron Alexander,Friday,2657
Abigail Flores,Friday,22374389
Abigail Wood,Friday,18199701
Adriana Vance,Friday,2698240
Adrienne Jiménez,Friday,7279708
Alberto Ramos,Friday,58926009
Alexandra Alexander,Friday,6531074
Alexandria Peterson,Friday,9468272
Alexis Hall,Friday,6176780
Alexis Wilson,Friday,45720
Alicia Chapman,Friday,2418628
Alison Lal,Friday,528562
Allison Allen,Friday,563295
Alvin Zhao,Friday,2209752
Alvin Zheng,Friday,7339900
Amanda Bennett,Friday,19396557
Andrew Hill,Friday,11793
Angel Phillips,Friday,294485
Angelica Alexander,Friday,2058944
Ann Gonzalez,Friday,38628260
Annette Hill,Friday,769405
Arianna Bell,Friday,57166008
Arianna Richardson,Friday,580860
Audrey Diaz,Friday,988729
Austin Jai,Friday,14521550
Austin Zhang,Friday,39016
Barbara Lin,Friday,79374433
Blake Long,Friday,109206
Brad Goel,Friday,57419846
Brad Nath,Friday,674560
Brandon Harris,Friday,345214
Bridget Chande,Friday,735805
Caitlin Howard,Friday,188460
Caleb Campbell,Friday,1740248
Caleb Li,Friday,1041656
Caleb Patterson,Friday,225826613
Carla Gonzalez,Friday,77560
Carlos Howard,Friday,1452443
Caroline Butler,Friday,11339966
Cassandra Madan,Friday,1335728
Catherine Murphy,Friday,2462544
Catherine Sanders,Friday,388048
Cedric Ma,Friday,1273720
Charles Sanders,Friday,17712109
Charles Watson,Friday,10820
Christian Garcia,Friday,20280598
Christian Hughes,Friday,2182444
Christy Andersen,Friday,1415695
Clarence Zeng,Friday,131047
Clayton Zeng,Friday,3067447
Cody Reed,Friday,9391
Cole Cook,Friday,34065280
Colleen Nara,Friday,115679
Connor Edwards,Friday,174758
Cristina Xu,Friday,0
Dakota Russell,Friday,290572
Dale Holt,Friday,6668544
Danielle Cooper,Friday,1011094
Danielle Sanders,Friday,4150512
Danny Vazquez,Friday,4394376
Dave Richards,Friday,115071
Deb Waldal,Friday,5398400
Dennis Wu,Friday,60919040
Devin Nelson,Friday,658728
Donald Martinez,Friday,225790
Donald Raman,Friday,22783469
Eddie Gomez,Friday,11238920
Eduardo Brown,Friday,506200
Eduardo Butler,Friday,4419504
Eduardo Walker,Friday,155448
Edwin Deng,Friday,91435043
Edwin Li,Friday,4217965
Erik Gutierrez,Friday,7285576
Ethan Clark,Friday,9468272
Ethan Lal,Friday,143774238
Ethan Perry,Friday,1455707
Ethan Sharma,Friday,809685
Evelyn Perez,Friday,253344
Fernando Jenkins,Friday,72455587
Gabriella Rivera,Friday,121366036
Gabrielle price,Friday,6586871
Garrett Murphy,Friday,1792224
Gerald Martinez,Friday,308451
Glenn Lu,Friday,48940612
Glenn Zeng,Friday,103776
Grant Andersen,Friday,4280130
Hailey Coleman,Friday,539369
Hailey Lopez,Friday,2105856
Hailey Rivera,Friday,5220640
Hannah Jenkins,Friday,671841
Harold Subram,Friday,149313309
Henry Prasad,Friday,4498514
Isabel Long,Friday,7473648
Isabel Powell,Friday,109910
Isabella Evans,Friday,1053274
Isabella Mitchell,Friday,14174958
Isabelle Henderson,Friday,140493
Jack Hayes,Friday,2635920
Jack Richins,Friday,6054438
Jackson Foster,Friday,4898851
Jacob Martinez,Friday,0
James Evans,Friday,47687821
James Kumar,Friday,7529656
James Mitchell,Friday,2509885
Jane Greer,Friday,67924675
Jared Gray,Friday,0
Jarrod Rana,Friday,622076
Jay Carlson,Friday,199476
Jenny Liang,Friday,2312442
Jenny Zimmerman,Friday,23867929
Jermaine Kapoor,Friday,72553524
Jermaine Perez,Friday,316437
Jessica Rodriguez,Friday,19496
Jill Gomez,Friday,185600121
Jodi Deng,Friday,6531074
Joe Gutierrez,Friday,672715
Johnny Kumar,Friday,1464792
Jonathan Hernandez,Friday,62820
Jordyn Coleman,Friday,35089600
Joseph Cantoni,Friday,16907626
Joseph White,Friday,809920
José Lopez,Friday,328944
Julian Jenkins,Friday,174024
Julie Jai,Friday,3807440
Julie Luo,Friday,12949492
Jésus Munoz,Friday,34817184
Kaitlyn Allen,Friday,0
Kaitlyn Harris,Friday,583528
Karen Huang,Friday,0
Kate Becker,Friday,249504
Kate Raje,Friday,3172688
Katherine Cook,Friday,53010
Kathleen Rubio,Friday,2083889
Katrina Sharma,Friday,122805000
Keith Lal,Friday,187012
Keith Pal,Friday,39993947
Krista Gill,Friday,0
Kristen Li,Friday,0
Kristopher Martinez,Friday,133552
Kyle Young,Friday,4940179
Larry Gomez,Friday,8899570
Latasha Suarez,Friday,3527874
Lauren Cooper,Friday,327672
Levi Gonzalez,Friday,0
Levi Prasad,Friday,451580
Lisa Chen,Friday,1733387
Louis Hu,Friday,3116822
Luke Simmons,Friday,4048800
Mackenzie Adams,Friday,3890188
Mackenzie Ramirez,Friday,324355
Madison Foster,Friday,7581
Marc Romero,Friday,41679118
Mario Rai,Friday,0
Marissa price,Friday,358394
Martin Patel,Friday,106020
Marvin Gomez,Friday,27749304
María Flores,Friday,5300743
Mason Cook,Friday,1044995
Mason Wright,Friday,50196
Mayra Sanchez,Friday,1206462
Melanie Alexander,Friday,1626408
Melanie Russell,Friday,189944437
Melinda Jimenez,Friday,3460551
Michael John Troyer,Friday,926524
Micheal Vazquez,Friday,5258297
Michele Raji,Friday,466108
Miguel Gonzalez,Friday,7017270
Monique Torres,Friday,2349149
Morgan Hill,Friday,257571
Mya Coleman,Friday,0
Nancy Buchanan,Friday,7163667
Natalie Reed,Friday,312768
Natalie Williams,Friday,16720731
Nathaniel Howard,Friday,490618557
Nicolas Raje,Friday,187824
Noah Bryant,Friday,676967
Noah Jones,Friday,1681776
Olivia Bennett,Friday,0
Olivia Cox,Friday,4803553
Olivia Howard,Friday,411705
Pablo Rovira Diez,Friday,251903
Patrick Sanders,Friday,2511379
Peter Black,Friday,550005
Philip Gutierrez,Friday,14695635
Preston Perez,Friday,8187000
Randall Ruiz,Friday,535428
Randy Zhang,Friday,1000226
Raymond Madan,Friday,5160672
Richard Brown,Friday,12417552
Richard Cooper,Friday,372608
Richard Martinez,Friday,0
Robin Ortega,Friday,675584
Rodney Sanz,Friday,5415737
Ryan Alexander,Friday,919909
Ryan Davis,Friday,14870016
Samuel Johnston,Friday,600984
Samuel Robinson,Friday,17799141
Samuel Sharma,Friday,0
Samuel Young,Friday,1190965
Sean Green,Friday,5318619
Seth Bennett,Friday,339381
Shaun Andersen,Friday,417700
Sheena Chande,Friday,2077992
Shelley Dyck,Friday,8614229
Spencer Bennett,Friday,490336
Stephanie Alexander,Friday,42819072
Steven Peterson,Friday,1384234
Steven Watson,Friday,2871352
Tabitha Gonzalez,Friday,6001723
Tabitha Rodriguez,Friday,9664387
Tara Xie,Friday,167994
Tasha Yuan,Friday,53887363
Thomas Li,Friday,3589262
Thomas Martinez,Friday,163367442
Timothy Sanders,Friday,349084
Tina Lopez,Friday,53039844
Trish Pederson,Friday,7163625
Trisha Sun,Friday,25261232
Tristan Butler,Friday,20894
Troy Chandra,Friday,1190553
Tyrone Ruiz,Friday,0
Victoria Powell,Friday,8286678
Victoria Williams,Friday,36335792
Virginia Rodriguez,Friday,6264398
Walter Jimenez,Friday,31769390
Warren Zhao,Friday,82148157
Whitney Sanchez,Friday,17557
Willie Gao,Friday,0
Xavier Smith,Friday,9075969
Aaron Alexander,Saturday,2710
Abigail Flores,Saturday,22922781
Abigail Wood,Saturday,21232984
Adriana Vance,Saturday,2192320
Adrienne Jiménez,Saturday,7279708
Alberto Ramos,Saturday,55379536
Alexandra Alexander,Saturday,2902699
Alexandria Peterson,Saturday,12050528
Alexis Hall,Saturday,6577436
Alexis Wilson,Saturday,64008
Alicia Chapman,Saturday,2687365
Alison Lal,Saturday,528562
Allison Allen,Saturday,563295
Alvin Zhao,Saturday,2209752
Alvin Zheng,Saturday,6479360
Amanda Bennett,Saturday,15869910
Andrew Hill,Saturday,16848
Angel Phillips,Saturday,133857
Angelica Alexander,Saturday,1955996
Ann Gonzalez,Saturday,38223775
Annette Hill,Saturday,230821
Arianna Bell,Saturday,45941632
Arianna Richardson,Saturday,929376
Audrey Diaz,Saturday,1730275
Austin Jai,Saturday,11798759
Austin Zhang,Saturday,40967
Barbara Lin,Saturday,72472308
Blake Long,Saturday,76444
Brad Goel,Saturday,60349430
Brad Nath,Saturday,1686400
Brandon Harris,Saturday,213704
Bridget Chande,Saturday,833191
Caitlin Howard,Saturday,201024
Caleb Campbell,Saturday,1749407
Caleb Li,Saturday,822360
Caleb Patterson,Saturday,244738201
Carla Gonzalez,Saturday,387803
Carlos Howard,Saturday,1255872
Caroline Butler,Saturday,5669983
Cassandra Madan,Saturday,942867
Catherine Murphy,Saturday,2588184
Catherine Sanders,Saturday,831532
Cedric Ma,Saturday,636860
Charles Sanders,Saturday,15847676
Charles Watson,Saturday,32462
Christian Garcia,Saturday,18633443
Christian Hughes,Saturday,4092084
Christy Andersen,Saturday,1415695
Clarence Zeng,Saturday,185650
Clayton Zeng,Saturday,2716213
Cody Reed,Saturday,6260
Cole Cook,Saturday,32547520
Colleen Nara,Saturday,173518
Connor Edwards,Saturday,218448
Cristina Xu,Saturday,0
Dakota Russell,Saturday,332083
Dale Holt,Saturday,5966592
Danielle Sanders,Saturday,4609252
Danny Vazquez,Saturday,3808459
Dave Richards,Saturday,82194
Deb Waldal,Saturday,5398400
Dennis Wu,Saturday,51546880
Devin Nelson,Saturday,658728
Donald Martinez,Saturday,100351
Donald Raman,Saturday,21517720
Eddie Gomez,Saturday,10800328
Eduardo Brown,Saturday,303720
Eduardo Butler,Saturday,6629256
Eduardo Walker,Saturday,182880
Edwin Deng,Saturday,84178294
Edwin Li,Saturday,3067610
Erik Gutierrez,Saturday,8052478
Ethan Clark,Saturday,10329024
Ethan Lal,Saturday,116475332
Ethan Perry,Saturday,1882380
Ethan Sharma,Saturday,578346
Evelyn Perez,Saturday,422240
Fernando Jenkins,Saturday,65868715
Gabriella Rivera,Saturday,106733251
Gabrielle price,Saturday,5893516
Garrett Murphy,Saturday,1728216
Gerald Martinez,Saturday,424120
Glenn Lu,Saturday,48157562
Glenn Zeng,Saturday,124531
Grant Andersen,Saturday,3528215
Hailey Coleman,Saturday,1127772
Hailey Lopez,Saturday,2456832
Hailey Rivera,Saturday,3393416
Hannah Jenkins,Saturday,1209314
Harold Subram,Saturday,135674113
Henry Prasad,Saturday,5196560
Isabel Long,Saturday,8824816
Isabel Powell,Saturday,54955
Isabella Evans,Saturday,942403
Isabella Mitchell,Saturday,17954946
Isabelle Henderson,Saturday,163909
Jack Hayes,Saturday,3514560
Jack Richins,Saturday,5429774
Jackson Foster,Saturday,1632950
Jacob Martinez,Saturday,0
James Evans,Saturday,46253601
James Kumar,Saturday,3226995
James Mitchell,Saturday,2868440
Jane Greer,Saturday,62699700
Jared Gray,Saturday,0
Jarrod Rana,Saturday,1866229
Jay Carlson,Saturday,174542
Jenny Liang,Saturday,1681776
Jenny Zimmerman,Saturday,13259961
Jermaine Kapoor,Saturday,70712064
Jermaine Perez,Saturday,632874
Jessica Rodriguez,Saturday,19496
Jill Gomez,Saturday,203992926
Jodi Deng,Saturday,11610799
Joe Gutierrez,Saturday,576613
Johnny Kumar,Saturday,1757750
Jonathan Butler,Saturday,268375
Jonathan Hernandez,Saturday,50256
Jordyn Coleman,Saturday,42175000
Joseph Cantoni,Saturday,19054627
Joseph White,Saturday,809920
José Lopez,Saturday,657888
Julian Jenkins,Saturday,201502
Julie Jai,Saturday,4686080
Julie Luo,Saturday,13444828
Jésus Munoz,Saturday,34428165
Kaitlyn Allen,Saturday,0
Kaitlyn Harris,Saturday,1750584
Karen Huang,Saturday,0
Kate Becker,Saturday,149702
Kate Raje,Saturday,3369954
Katherine Cook,Saturday,180234
Kathleen Rubio,Saturday,1864532
Katrina Sharma,Saturday,123828375
Keith Lal,Saturday,174376
Keith Pal,Saturday,37740767
Krista Gill,Saturday,0
Kristen Li,Saturday,0
Kristopher Martinez,Saturday,233716
Kyle Young,Saturday,4765526
Larry Gomez,Saturday,12236910
Latasha Suarez,Saturday,4479840
Lauren Cooper,Saturday,415051
Levi Gonzalez,Saturday,0
Levi Prasad,Saturday,526844
Lisa Chen,Saturday,3466774
Louis Hu,Saturday,3341233
Luke Simmons,Saturday,1687000
Mackenzie Adams,Saturday,1945094
Mackenzie Ramirez,Saturday,449107
Madison Foster,Saturday,7581
Marc Romero,Saturday,38568736
Mario Rai,Saturday,0
Marissa price,Saturday,398216
Martin Patel,Saturday,106020
Marvin Gomez,Saturday,27749304
María Flores,Saturday,4979485
Mason Cook,Saturday,3134985
Mason Wright,Saturday,100393
Mayra Sanchez,Saturday,877427
Melanie Alexander,Saturday,1974924
Melanie Russell,Saturday,175769479
Melinda Jimenez,Saturday,4696462
Michael John Troyer,Saturday,926524
Micheal Vazquez,Saturday,3842601
Michele Raji,Saturday,466108
Miguel Gonzalez,Saturday,7325721
Monique Torres,Saturday,3132199
Morgan Hill,Saturday,257571
Mya Coleman,Saturday,0
Nancy Buchanan,Saturday,8563464
Natalie Reed,Saturday,234576
Natalie Williams,Saturday,21736951
Nathaniel Howard,Saturday,562222346
Nicolas Raje,Saturday,209736
Noah Bryant,Saturday,358394
Noah Jones,Saturday,2312442
Olivia Bennett,Saturday,0
Olivia Cox,Saturday,4673022
Olivia Howard,Saturday,329364
Pablo Rovira Diez,Saturday,251903
Patrick Sanders,Saturday,2615155
Peter Black,Saturday,550005
Philip Gutierrez,Saturday,15695862
Preston Perez,Saturday,18420750
Randall Ruiz,Saturday,455114
Randy Zhang,Saturday,1307988
Raymond Madan,Saturday,5082480
Richard Brown,Saturday,10976229
Richard Cooper,Saturday,403821
Richard Martinez,Saturday,0
Robin Ortega,Saturday,380016
Rodney Sanz,Saturday,4340554
Ryan Alexander,Saturday,212286
Ryan Davis,Saturday,14521500
Samuel Johnston,Saturday,333880
Samuel Robinson,Saturday,18911588
Samuel Sharma,Saturday,0
Samuel Young,Saturday,1316330
Sean Green,Saturday,4666336
Seth Bennett,Saturday,156637
Shaun Andersen,Saturday,417700
Sheena Chande,Saturday,2258226
Shelley Dyck,Saturday,12203491
Spencer Bennett,Saturday,490336
Stephanie Alexander,Saturday,42468096
Steven Peterson,Saturday,1540204
Steven Watson,Saturday,2610320
Tabitha Gonzalez,Saturday,3273667
Tabitha Rodriguez,Saturday,12021555
Tara Xie,Saturday,111996
Tasha Yuan,Saturday,57153264
Thomas Li,Saturday,3589262
Thomas Martinez,Saturday,185149767
Timothy Sanders,Saturday,249345
Tina Lopez,Saturday,50387851
Trish Pederson,Saturday,5116875
Trisha Sun,Saturday,25126864
Tristan Butler,Saturday,20894
Tyrone Ruiz,Saturday,0
Victoria Powell,Saturday,9806720
Victoria Williams,Saturday,29661871
Virginia Rodriguez,Saturday,7047448
Walter Jimenez,Saturday,13376585
Warren Zhao,Saturday,86910369
Whitney Sanchez,Saturday,17557
Willie Gao,Saturday,0
Xavier Smith,Saturday,5445581
Aaron Alexander,Sunday,2480
Abigail Flores,Sunday,20071143
Abigail Wood,Sunday,23592205
Adriana Vance,Sunday,2192320
Adrienne Jiménez,Sunday,5459781
Alberto Ramos,Sunday,48286591
Alexandra Alexander,Sunday,5079724
Alexandria Peterson,Sunday,19797296
Alexis Hall,Sunday,6276944
Alexis Wilson,Sunday,64008
Alicia Chapman,Sunday,1881155
Alison Lal,Sunday,384408
Allison Allen,Sunday,2253180
Alvin Zhao,Sunday,2946336
Alvin Zheng,Sunday,5922540
Amanda Bennett,Sunday,16625620
Andrew Hill,Sunday,14320
Angel Phillips,Sunday,214171
Angelica Alexander,Sunday,1750102
Ann Gonzalez,Sunday,37617049
Annette Hill,Sunday,692464
Arianna Bell,Sunday,51684336
Arianna Richardson,Sunday,1277892
Audrey Diaz,Sunday,2224640
Austin Jai,Sunday,11798759
Austin Zhang,Sunday,31213
Barbara Lin,Sunday,76306822
Blake Long,Sunday,87365
Brad Goel,Sunday,49509969
Brad Nath,Sunday,1686400
Brandon Harris,Sunday,263020
Bridget Chande,Sunday,681702
Caitlin Howard,Sunday,150768
Caleb Campbell,Sunday,1767725
Caleb Li,Sunday,1151304
Caleb Patterson,Sunday,224714166
Carla Gonzalez,Sunday,155121
Carlos Howard,Sunday,1397840
Caroline Butler,Sunday,3779988
Cassandra Madan,Sunday,1257156
Catherine Murphy,Sunday,2525364
Catherine Sanders,Sunday,277177
Cedric Ma,Sunday,1061433
Charles Sanders,Sunday,15614622
Charles Watson,Sunday,32462
Christian Garcia,Sunday,20486492
Christian Hughes,Sunday,1091222
Christy Andersen,Sunday,1415695
Clarence Zeng,Sunday,218412
Clayton Zeng,Sunday,2833291
Cody Reed,Sunday,15652
Cole Cook,Sunday,34739840
Colleen Nara,Sunday,115679
Connor Edwards,Sunday,196603
Cristina Xu,Sunday,0
Dakota Russell,Sunday,269817
Dale Holt,Sunday,4562688
Danielle Cooper,Sunday,674063
Danielle Sanders,Sunday,3910219
Danny Vazquez,Sunday,3808459
Dave Richards,Sunday,49316
Deb Waldal,Sunday,5061000
Dennis Wu,Sunday,57990240
Devin Nelson,Sunday,658728
Donald Martinez,Sunday,175614
Donald Raman,Sunday,22783469
Eddie Gomez,Sunday,9703848
Eduardo Brown,Sunday,455580
Eduardo Butler,Sunday,12153636
Eduardo Walker,Sunday,155448
Edwin Deng,Sunday,98691793
Edwin Li,Sunday,2684159
Erik Gutierrez,Sunday,4984867
Ethan Clark,Sunday,4303760
Ethan Lal,Sunday,112835478
Ethan Perry,Sunday,1656494
Ethan Sharma,Sunday,578346
Evelyn Perez,Sunday,380016
Fernando Jenkins,Sunday,74882329
Gabriella Rivera,Sunday,99847235
Gabrielle price,Sunday,5893516
Garrett Murphy,Sunday,1581912
Gerald Martinez,Sunday,231338
Glenn Lu,Sunday,46199938
Glenn Zeng,Sunday,186796
Grant Andersen,Sunday,3933092
Hailey Coleman,Sunday,588403
Hailey Lopez,Sunday,3509760
Hailey Rivera,Sunday,3654448
Hannah Jenkins,Sunday,671841
Harold Subram,Sunday,142134785
Henry Prasad,Sunday,5041439
Isabel Long,Sunday,7895888
Isabel Powell,Sunday,82432
Isabella Evans,Sunday,1385887
Isabella Mitchell,Sunday,16064952
Isabelle Henderson,Sunday,210740
Jack Hayes,Sunday,878640
Jack Richins,Sunday,6583000
Jacob Martinez,Sunday,0
James Evans,Sunday,44460826
James Kumar,Sunday,5019770
James Mitchell,Sunday,3585550
Jane Greer,Sunday,80464615
Jared Gray,Sunday,0
Jarrod Rana,Sunday,1244152
Jay Carlson,Sunday,174542
Jenny Liang,Sunday,3363552
Jenny Zimmerman,Sunday,31823906
Jermaine Kapoor,Sunday,67029144
Jermaine Perez,Sunday,949311
Jessica Rodriguez,Sunday,58488
Jill Gomez,Sunday,182255975
Jodi Deng,Sunday,11610799
Joe Gutierrez,Sunday,912970
Johnny Kumar,Sunday,2343667
Jonathan Butler,Sunday,536750
Jonathan Hernandez,Sunday,163332
Jordyn Coleman,Sunday,44199400
Joseph Cantoni,Sunday,15565751
Joseph White,Sunday,759300
José Lopez,Sunday,493416
Julian Jenkins,Sunday,183184
Julie Jai,Sunday,5271840
Julie Luo,Sunday,13303303
Jésus Munoz,Sunday,35595222
Kaitlyn Allen,Sunday,0
Kaitlyn Harris,Sunday,1750584
Karen Huang,Sunday,0
Kate Becker,Sunday,199603
Kate Raje,Sunday,3123372
Katherine Cook,Sunday,180234
Kathleen Rubio,Sunday,1645175
Katrina Sharma,Sunday,128945250
Keith Lal,Sunday,156686
Keith Pal,Sunday,41683832
Krista Gill,Sunday,0
Kristen Li,Sunday,0
Kristopher Martinez,Sunday,400656
Kyle Young,Sunday,4990080
Larry Gomez,Sunday,11124463
Latasha Suarez,Sunday,3639870
Lauren Cooper,Sunday,480585
Levi Gonzalez,Sunday,0
Levi Prasad,Sunday,602107
Lisa Chen,Sunday,2426742
Louis Hu,Sunday,2468523
Luke Simmons,Sunday,3711400
Mackenzie Adams,Sunday,1945094
Mackenzie Ramirez,Sunday,324355
Madison Foster,Sunday,5054
Marc Romero,Sunday,43545348
Mario Rai,Sunday,0
Marissa price,Sunday,398216
Martin Patel,Sunday,258121
Marvin Gomez,Sunday,25647084
María Flores,Sunday,5622000
Mason Cook,Sunday,3134985
Mason Wright,Sunday,50196
Mayra Sanchez,Sunday,658070
Melanie Alexander,Sunday,1974924
Melanie Russell,Sunday,161594521
Melinda Jimenez,Sunday,3460551
Michael John Troyer,Sunday,1338313
Micheal Vazquez,Sunday,4044844
Michele Raji,Sunday,1398324
Miguel Gonzalez,Sunday,7518503
Monique Torres,Sunday,3915249
Morgan Hill,Sunday,491728
Mya Coleman,Sunday,0
Nancy Buchanan,Sunday,7987077
Natalie Reed,Sunday,156384
Natalie Williams,Sunday,5016219
Nathaniel Howard,Sunday,485314572
Nicolas Raje,Sunday,259823
Noah Bryant,Sunday,398216
Noah Jones,Sunday,1051110
Olivia Bennett,Sunday,0
Olivia Cox,Sunday,5116828
Olivia Howard,Sunday,329364
Pablo Rovira Diez,Sunday,251903
Patrick Sanders,Sunday,2718931
Peter Black,Sunday,471433
Philip Gutierrez,Sunday,16542207
Preston Perez,Sunday,23537625
Randall Ruiz,Sunday,401571
Randy Zhang,Sunday,1538810
Raymond Madan,Sunday,4222368
Richard Brown,Sunday,9368599
Richard Cooper,Sunday,351149
Richard Martinez,Sunday,0
Robin Ortega,Sunday,591136
Rodney Sanz,Sunday,5176808
Ryan Alexander,Sunday,636860
Ryan Davis,Sunday,13243608
Samuel Johnston,Sunday,400656
Samuel Robinson,Sunday,15574249
Samuel Sharma,Sunday,0
Samuel Young,Sunday,1211859
Sean Green,Sunday,4691424
Seth Bennett,Sunday,156637
Shaun Andersen,Sunday,443806
Sheena Chande,Sunday,2364246
Shelley Dyck,Sunday,18664163
Spencer Bennett,Sunday,196134
Stephanie Alexander,Sunday,46679808
Steven Peterson,Sunday,1208768
Steven Watson,Sunday,1305160
Tabitha Gonzalez,Sunday,3273667
Tabitha Rodriguez,Sunday,8014370
Tasha Yuan,Sunday,57969739
Thomas Li,Sunday,2871409
Thomas Martinez,Sunday,181519380
Timothy Sanders,Sunday,523626
Tina Lopez,Sunday,66299805
Trish Pederson,Sunday,7163625
Trisha Sun,Sunday,29292280
Troy Chandra,Sunday,3571659
Tyrone Ruiz,Sunday,0
Victoria Powell,Sunday,10297056
Victoria Williams,Sunday,29909053
Virginia Rodriguez,Sunday,7438973
Walter Jimenez,Sunday,33441463
Warren Zhao,Sunday,80957604
Whitney Sanchez,Sunday,15606
Willie Gao,Sunday,0
Xavier Smith,Sunday,6353178
